{
  "model": "all-MiniLM-L6-v2",
  "corpus": "wikipedia_20220301_en",
  "n_samples": 10000,
  "n_components": 16,
  "embedding_dim": 384,
  "explained_variance_ratio": [
    0.029417503625154495,
    0.024200210347771645,
    0.022964157164096832,
    0.020192353054881096,
    0.017551125958561897,
    0.015980063006281853,
    0.014746196568012238,
    0.014107166789472103,
    0.013401621952652931,
    0.012359585613012314,
    0.012130549177527428,
    0.01159756537526846,
    0.011169387958943844,
    0.010715991258621216,
    0.010444531217217445,
    0.01019642036408186
  ],
  "cumulative_variance": 0.2511744201183319,
  "mean": [
    -0.001710220123641193,
    0.004369030706584454,
    -0.020108003169298172,
    -0.0002427180588711053,
    -0.010992979630827904,
    0.0018542652251198888,
    0.006704969797283411,
    0.006074533332139254,
    -0.00042539997957646847,
    0.0014909260207787156,
    -0.0013084440724924207,
    -0.013414471410214901,
    -0.0025948649272322655,
    -0.004479513969272375,
    -0.011511261574923992,
    0.005815370008349419,
    -0.011678394861519337,
    -6.334974023047835e-05,
    0.007839963771402836,
    -0.013823200948536396,
    -0.008730405010282993,
    0.009899960830807686,
    0.0018556168070062995,
    -0.004808895289897919,
    0.0030630999244749546,
    0.0009090095409192145,
    0.0004645826411433518,
    0.0049798875115811825,
    -0.004068291280418634,
    0.0013888207031413913,
    0.004414285067468882,
    -0.0002715705777518451,
    0.005421833600848913,
    0.005425645504146814,
    -0.004038083367049694,
    0.017397595569491386,
    0.001583412871696055,
    0.006099683232605457,
    -0.0027834903448820114,
    0.006618865299969912,
    -0.006874871905893087,
    0.00462719751521945,
    -0.007546856068074703,
    0.0033310332801193,
    -0.003984382841736078,
    0.004596031736582518,
    -0.005235152784734964,
    -0.002112417481839657,
    -0.005158605054020882,
    0.00543237803503871,
    -0.0021555465646088123,
    -0.01260093878954649,
    0.0030337851494550705,
    -0.0007056618924252689,
    0.010767613537609577,
    0.0020359624177217484,
    -0.009630260057747364,
    0.0007733175880275667,
    -0.0037401302251964808,
    -0.003436180530115962,
    0.007202974054962397,
    -0.0006093477713875473,
    -0.0027570065576583147,
    -0.00020385457901284099,
    -0.014691154472529888,
    -0.0012408556649461389,
    0.0010938298655673862,
    0.0013795862905681133,
    -0.0015806718729436398,
    -0.02187456004321575,
    0.01032444927841425,
    -0.013105201534926891,
    -0.003500695340335369,
    0.005463494453579187,
    -0.0035260242875665426,
    -0.007878284901380539,
    0.0056589036248624325,
    0.010455891489982605,
    -0.004213715437799692,
    -0.0010951339500024915,
    0.00397151242941618,
    -0.004591519013047218,
    -0.003033492946997285,
    0.0028318772092461586,
    -0.0027478353586047888,
    -0.005002659745514393,
    3.2408708648290485e-05,
    -0.0009051098022609949,
    0.008074574172496796,
    -0.0036311065778136253,
    0.0033542399760335684,
    0.002454020082950592,
    0.0025641366373747587,
    -0.0017482404364272952,
    -0.0006493640830740333,
    -0.0021430097986012697,
    0.008524259552359581,
    0.005461915396153927,
    -0.005125346593558788,
    0.01463321503251791,
    -0.0030914898961782455,
    -0.0024650355335325003,
    0.007987385615706444,
    0.008598781190812588,
    -0.004770045634359121,
    0.00270094140432775,
    0.003697552951052785,
    0.0034573746379464865,
    -0.0008617941057309508,
    -0.0039477040991187096,
    -0.004086469300091267,
    -0.009625489823520184,
    -0.01297568529844284,
    0.0020580077543854713,
    0.007967989891767502,
    0.0015124456258490682,
    -0.004678643308579922,
    0.007077669724822044,
    -0.009788878262043,
    -0.005052762571722269,
    -0.0065111625008285046,
    0.006067115347832441,
    -0.0050157601945102215,
    0.00879526138305664,
    0.012744438834488392,
    0.006845816969871521,
    -0.005871284287422895,
    -2.1648310336813746e-34,
    0.00017979572294279933,
    -0.0014180581783875823,
    0.0018187637906521559,
    0.005337765906006098,
    -0.007874149829149246,
    -0.005453355610370636,
    0.0029995774384588003,
    -0.0013974928297102451,
    -0.011370627209544182,
    -0.008014392107725143,
    -0.0023008736316114664,
    -0.007420532405376434,
    -0.0004896330065093935,
    0.0024745247792452574,
    0.00695640267804265,
    0.012177321128547192,
    -0.01131157111376524,
    -0.006941423751413822,
    0.004577629268169403,
    0.0030965819023549557,
    0.00490389671176672,
    0.010553662665188313,
    0.00012234879250172526,
    -0.005473046097904444,
    0.0030247645918279886,
    0.002352653071284294,
    0.00562488054856658,
    -0.013821503147482872,
    0.006925244815647602,
    0.006270206067711115,
    0.0023661514278501272,
    -0.006123821251094341,
    -0.015026585198938847,
    -0.00901658833026886,
    0.0003512107359711081,
    -0.0013667267048731446,
    -0.011305988766252995,
    -0.0122604351490736,
    -0.004803618881851435,
    0.005575231742113829,
    0.001558565767481923,
    -0.007560640573501587,
    -0.00010367402865085751,
    0.0018223520601168275,
    0.0010025332449004054,
    -0.0014479871606454253,
    0.0018198746256530285,
    0.0026809906121343374,
    0.02350926399230957,
    -0.004964356776326895,
    -0.00955555122345686,
    -0.009324787184596062,
    -0.005669380072504282,
    -0.0002985647297464311,
    0.005298001691699028,
    0.0003176415921188891,
    -0.012109518982470036,
    0.011908854357898235,
    0.0045687053352594376,
    0.004983566235750914,
    0.004452789202332497,
    -0.0008463844424113631,
    -0.0021542124450206757,
    0.007819450460374355,
    0.0032814356964081526,
    -0.011856047436594963,
    0.0023042194079607725,
    0.0005098555702716112,
    0.013711509294807911,
    -0.010672669857740402,
    0.005796836223453283,
    -0.0069341291673481464,
    0.009219235740602016,
    0.006562669295817614,
    -0.0011669864179566503,
    0.0046232580207288265,
    -0.003294190624728799,
    -0.002539918990805745,
    -0.018367908895015717,
    0.01323584746569395,
    -0.01239359937608242,
    0.0042939092963933945,
    -0.003417470958083868,
    -0.003449116600677371,
    -0.0017799705965444446,
    -0.00044472809531725943,
    -0.002412987407296896,
    -0.004266425501555204,
    -0.007369762286543846,
    0.0023193806409835815,
    -0.0116298021748662,
    -0.0016379201551899314,
    -0.0021947622299194336,
    -0.000998890376649797,
    -0.00975820142775774,
    -1.8573934809465116e-33,
    -0.0008408635039813817,
    -0.00782384630292654,
    0.001966009382158518,
    0.001421467401087284,
    0.00044263500603847206,
    0.0001358073204755783,
    0.0026577685493975878,
    0.015333527699112892,
    -0.01376751996576786,
    -0.0008227390353567898,
    0.0008622775785624981,
    -0.00033789232838898897,
    0.015951544046401978,
    -0.00546936085447669,
    -2.2216716388356872e-05,
    0.006240301299840212,
    0.0012397464597597718,
    0.004646535962820053,
    -0.007556870114058256,
    -0.010636946186423302,
    -0.0023837496992200613,
    -0.00020746943482663482,
    -0.0006293982733041048,
    -0.015674730762839317,
    0.002306742360815406,
    -0.001645411248318851,
    0.00964492280036211,
    -0.004371345974504948,
    -0.017576273530721664,
    0.011061744764447212,
    -0.002080707112327218,
    0.003194420598447323,
    0.005267138592898846,
    0.0036654495634138584,
    -0.007391372695565224,
    0.01116685289889574,
    0.003603752236813307,
    0.004904724657535553,
    -0.004031980875879526,
    0.006056613754481077,
    -0.004840177483856678,
    0.004123736638575792,
    -0.0011350578861311078,
    0.004445045255124569,
    0.000969266053289175,
    0.001131055993027985,
    -0.01204872876405716,
    0.019758518785238266,
    0.0023234779946506023,
    -0.007872488349676132,
